,utterance,expected
0,5/14/2022 . & 2 beds,unitAssignment
1,Yes I would like to schedule a tour,tourBooking
2,what be the location,community_address
3,can you help with specially abled people,handicapPolicy
4,I will get in touch with you next week.,unknown
5,I would!,unknown
6,I did a tour yesterday already.  I will reach out to the leasing office then for further info. thanks,unknown
7,"Good morning sorry for the delayed response but yes would like to schedule a tour, preferably tomorrow",tourBooking
8,how long of lease do -PRON- offer,leasePeriod
9,Says street parking only,parking
10,Can i throw dinners or parties,guestPolicy
11,To send a rental verification,applicationProcess
12,I think you have the wrong number,unknown
13,is smoking allowed,smoking
14,346 299 8324,unknown
15,I would like to schedule a tour,tourBooking
16,Yes that's fine.. February! 1 bed/ 1bath. No children nor pets.,unitAssignment
17,Ok but yesterday I was told 30th of May is available and was told if an earlier date in May comes up I will be contacted.  I understand the 1st come 1st serve basis. I just need to know a date so I can come in. Thanks,unknown
18,One more question is there any utilities included in the rent?,utilityBilling
19,"Hello, thank you. What is the location of the 1 bedroom apartment?",community_address
20,Let me know your rates for the 2 bedroom. And does it include  any bills ?,unitAssignment
21,Thank you so much for your time,unknown
22,Yes i would love to schedule a tour,tourBooking
23,Is it virtual? I am currently located in SoCal,virtualTour
24,Okay,unknown
25,Beautiful architecture inside,amenities
26,Someone already reached out to me about that place from sf rent,unknown
27,What is the income requirement?,incomeRequirement
28,I would like to schedule a tour for next Friday April 1st,tourBooking
29,Ok thank you,unknown
30,do you allow cats,pet
31,Spanish please,unknown
32,How far are u guys from Rosharon tx or pearland,unknown
33,What utilities are included in the rent?,utility
34,cancel the tour,tourCancellation
35,What are your leasing office hours on Wednesday?,leasingOfficeHoursWednesday
36,What holidays does your leasing office observe and how does that affect their hours?,leasingOfficeHolidays
37,"Hello Kelsey, I currently reside in NY. Do you do virtual tours?",virtualTour
38,Hey! Thanks for reaching out. I won't be able to until next week,unknown
39,May1,unknown
40,I appreciate you responding,unknown
41,I can't,unknown
42,Hey does Saturday still work?,tourBooking
43,Can I go head do app,unknown
44,What is the phone number for the leasing office?,leaseOfficeContact
45,Get you some sleep god,unknown
46,common area,commonAreas
47,How much do call the 2 bed 1bath,unitAssignment
48,Liked ‚ÄúYes the promotion is still on going.‚Äù,unknown
49,I can make that happen,unknown
50,Yeah if that's the earliest you got then that works,unknown
51,Okay thank.  I apologize for not getting back to you quickly.  Moving is not fun when it's just you.,unknown
52,I just started new job and in Sunnyvale I am there Saturday and Monday 11-3,unknown
53,I will have to check my work schedule and let you know.,unknown
54,What property,unknown
55,i was also seeing if water/ electricity are included,utility
56,What's included in rent?,utility
57,"Yes, I'd like to schedule a tour.",tourBooking
58,Do i need a guarantor?,leaseGaurantor
59,Are there 1 bedrooms,unitAssignment
60,I'm sorry. I was working. ,unknown
61,What places are accessible around the property,nearbyAttractions
62,Okay thanks! Do you have availability next Thursday afternoon?,tourBooking
63,What furniture is included,furnishedUnit
64,can you prvide tomorrow's slot for visit?,tourBooking
65,1br for now an would upgrade to a two later,unitAssignment
66,what be the rent,unitAssignment
67,What is the frequency of rent increases?,rentIncrementPolicy
68,"Yes,A 1BdrmOr Studio, However, Do You Accept Section 8?&Is It Possible To Prorate The Security Deposit In Addition To Rent Payment Until The Security Deposit Amount Is Paid In Full? Also How Is Rent For Apts There,& Security Deposit?",section8
69,"Yes 
Looking for a 1 or 2 bedroom was w/d connection. Price range $800-$1000",unitAssignment
70,The 23rd is Wednesday,unknown
71,Yes I am,unknown
72,Where are you located?,community_address
73,"i can't call right now, but the best day for me to schedule a tour would be monday march 1st. or a virtual tour",virtualTour
74,Hello do you have a 2 bdrm and how much,unitAssignment
75,Around 12:15pm,tourBooking
76,"I am still looking, what are the prices for 2 and 3 bedrooms?",unitAssignment
77,I need to speak to someone at your convenience.,leasingAgentContact
78,Haven't had the tour yet,unknown
79,This the address?,community_address
80,"Hi yes I was wanting to more information about the unit. How much does a 2 bed cost, and what is the deposit and application fee ?",applicationFee
81,Yes but not until late August. What was the price?,unitAssignment
82,Is the rent going to be the same over ...,rentIncrementPolicy
83,April 29th is my move in date. And two bedrooms one bath,unitAssignment
84,And I would need a 1 bedroom,unitAssignment
85,"Hello, I have the tour schedule it for 2/9 at 6 pm",tourBooking
86,Just want to follow up if he is waiitng for me,unknown
87,would i be able to park,parking
88,Is scheduling a tour at 6 am moral ?,unknown
89,Do you allow domestic animals,pet
90,I want to but I have an eviction and I was told I can't apply or I will be denied,evictionPolicy
91,Thank you,unknown
92,Im looking for 1 bed and 1 bath,unitAssignment
93,Where are you located at,community_address
94,Sorry tomorrow i need to cancel,tourBooking
95,2nd option is good for me,unitAssignment
96,how much be the laundry per load,laundry
97,do the landlord pay for water,utility
98,what be the total move in cost,moveInCost
99,Will do!,unknown
100,Do y'all do virtual tours? ,virtualTour
101,Saturday 10:00am,unknown
102,I am looking for 3 bedroom,unitAssignment
103,Where are the apartments located ?,community_address
104,"Yes Kelsey, its there any 2 bedrooms available",unitAssignment
105,Hello yes I found a place,unknown
106,Leasing Office Address,leaseOfficeDirection
107,I prefer a place with a stove. I also am not bringing my car with me so Oakland will be a little far given my job in dogpatch,amenities
108,"Hi Kelsey, that was a while ago, I already found a place, thanks though!",unknown
109,"Yes I will possibly interested in a virtual tour eventually, but just looking for more info for now. I viewed your photos and love the atmosphere. My family and I will be moving to Houston from NY in May and are looking to secure housing before we arrive. I would like to know if we can apply from here using our current paystubs or is it required that we are Houston residents with Houston paystubs first?",unknown
110,how much do -PRON- cost do -PRON- have -PRON- available on december,unitAssignment
111,be renter insurance require,renterInsurance
112,"Le gust√≥ ‚ÄúHola Kelvyn. Fue genial hablar contigo por tel√©fono antes. He confirmado tu visita para el 2022-03-26 a las 2:30 PM. Para su demostraci√≥n por favor nos encontramos en la oficina de El Sol Del R√≠o en 14405 R√≠o Bonito, Houston, TX, 77083. Tambi√©n enviar√© una confirmaci√≥n con direcciones en la ma√±ana de su tour. Si tiene alguna pregunta, no dude en ponerse en contacto conmigo a trav√©s de un mensaje de texto aqu√≠. Gracias y que tenga un buen d√≠a!‚Äù",unknown
113,There's was no price on these two what are the prices,unitAssignment
114,be laundry extra,laundry
115,I'd love to come take a look at the property today what time you'll be in till,tourBooking
116,what be -PRON- pet policy,pet
117,Hi Kelsey I'm Angela it's my information that should be attached to everything. My wife Brenda sent everything in for me. I live in Missouri and she's already moved to Texas so yes I am trying to get Situated so I can move,unknown
118,"Moving June 2022
Budget $800-$1200 
One occupant
2 bedroom 1 or 2 bathrooms",unitAssignment
119,Thanks! Are there any units available with balcony?,amenities
120,I'm viewing property this Saturday,unknown
121,looking for 1 bed and 1 bath,unitAssignment
122,Are all bills paid,unknown
123,pets ?,pet
124,Hi! Yes pets are allowed,pet
125,One bed for now. Move in date may or June,unitAssignment
126,What utilities are included in the rent?,utility
127,I need to reschedule OR I need to change my time,rescheduleTour
128,1 bedroom is fine however if two bedrooms 2 bath are available I want to look at those as well and by april8th if that's too soon then by the end of April no later than,unitAssignment
129,Yes I've scheduled a tour for tomorrow,tourBooking
130,Yes. I am available. I ma looking for something between 550 to 620. Are there any other units available?,unitAssignment
131,Wrong number,unknown
132,Let me know I'll send app,unknown
133,"Really wish y'all did , but that's okay . You have a good day as well ",unknown
134,are there workout facilities,gym
135,"I'm sorry, I take that back, we were just alerted that we're reopening, darn.",unknown
136,"I work for Ambit Energy and wanted to let you know about our customer referral program. Each resident you send to me that signs up for electricity service, our team can pay you $50 for each one!",unknown
137,hello Ryan thank you for your attention ok I am free that Saturday or Sunday if possible I would like to visit thank you.,tourBooking
138,Under what circumstances will a tenant's deposit be held at termination of tenancy?,withholdDeposit
139,how do i get there,community_address
140,3-2 and April 24,unknown
141,can i lease on a month to month basis,leasePeriod
142,I need this studioü•∫,unitAssignment
143,(To apply as a tenant),applicationProcess
144,Thank you so much and you have a great day as well,unknown
145,"Obviously you didn't list any for Monday, but in case anything opens up please feel free to notify me",unitAssignment
146,2 beds on or before 03/31,unknown
147,No washer and dryer connection.,laundry
148,"Hi Kelsey, I submitted a request for a virtual tour of A2 floor plan on this weekend. Could you please help me confirm the request? Thank you so much",virtualTour
149,I was looking for at a 1 1/2 bathrooms,unitAssignment
150,I can't tomorrow I was wondering if you have any available for next Friday,tourBooking
151,"Hi Kelsey, thanks for reaching out to me. I will be in Houston on Friday and was wondering if there where any available tour's and at what time.",tourBooking
152,Thanks. Sounds great,unknown
153,Does this community feature a spa,hotTub
154,do you have workout area,gym
155,Yes maam,unknown
156,What was the price again ?,unitAssignment
157,when can i come to see the place,tourBooking
158,be there a car parking,parking
159,Me pueden llamar necesito hacerles una pregunta?,unknown
160,Is the 2/13 in person or can I do it via a video call with an agent?,tourOptions
161,Do i have to have a job,incomeRequirement
162,3:00 PM,unknown
163,Is utility more expensive during the winter,utilityBilling
164,"Thank you, you too! ",unknown
165,I am looking for 2 bedrooms  and 2 bathrooms,unitAssignment
166,How to locate the property,community_address
167,hello,unknown
168,Can i see the property online or in person?,tourOptions
169,do -PRON- come with onsite laundry,laundry
170,Okay! I can take a look at them.,unknown
171,Great thank you so much!!,unknown
172,I'm not looking for a rental anymore. Please close this out. Thanks!,unknown
173,Can you cancel I apologize for the inconvenience. I'll reschedule on my own.,tourCancellation
174,"Are lease guarantors allowed? If yes, what are your policies/requirements for lease guarantors?",leaseGaurantor
175,Can you send me virtual tour ?,virtualTour
176,jdfbdkjdk,unknown
177,I'm heading there now to look at a one bedroom.,unknown
178,Townhome ?,unknown
179,What is the address of the leasing office?,leaseOfficeDirection
180,yes but i'll have time again on Friday will get you back,tourBooking
181,Yes I would like to schedule a tour,tourBooking
182,2 bedrooms town home,unitAssignment
183,No,unknown
184,Do i have to opt in for insurance,renterInsurance
185,Thanks,unknown
186,Saturday Mar 06 3:00 PM works,tourBooking
187,"Goodmorning, Yes I would love a tour but I'm moving from Norfolk va to Houston is their any way possible that I could do a virtual tour?",virtualTour
188,It's going to cost me a lot to get out of my apt in south baby,moveInCost
189,what be -PRON- condition to withhold the deposit,withholdDeposit
190,Everything was wonderful!  What's my next step?  ,unknown
191,3bedroom 2 bath,unitAssignment
192,Which holidays are you closed for,leasingOfficeHolidays
193,how do i book a tour,tourBooking
194,Got a bridge between please don't give up on me I will be pulling out the application today thank you so much for continue to check on me I would like to try to get approved and moved in maybe the 30th or 31st,unknown
195,"Do you have any current leasing specials, offers, or promotions?",leasingOfficePromotion
196,Wrong direction,unknown
197,do -PRON- allow sublease,sublease
198,What is the lease lock in time,leasePeriod
199,can i come for tour?,tourBooking
200,Any specials,leasingOfficePromotion
201,can i stay for just a month,leasePeriod
202,Does this community feature air conditioning?,airConditioner
203,Im looking to move in on the 1st,unitAssignment
204,Hi Kelsey. Would that still be possible?,unknown
205,I want the space,parking
206,be there a parking space,parking
207,"would we be able to come tonight, around 5pm?",tourBooking
208,What are requirements to move in,moveInCost
209,be there any application fee for -PRON- property,applicationFee
210,"KIPP Zenith 11000 Scott st. Houston, Tx is where my daughter will be attending school. And I‚Äôm working 6516 Westheimer rd. Is it possible that you can find some places between these two addresses? So far from the list I like Westchase Preserve, and Briarwood.",unitAssignment
211,I try all day but no answer,unknown
212,do you have 2 bedroom avablity,unitAssignment
213,I don t need tour,unknown
214,When can i make a visit,tourBooking
215,1 bed one bath,unitAssignment
216,I want to reschedule my tour,rescheduleTour
217,Just making sure that the property is $1425 a month?,unitAssignment
218,Hey yes I'm interested in the apartment ,unitAssignment
219,okay thanks,unknown
220,How many charging ports are available,electricVehicleCharging
221,What is the walk score,nearbyAttractions
222,i want to schedule a tour,tourBooking
223,Thursday 6 is good üëç,unknown
224,Im out of town working but im relocating in Houston an im looking for an nice quiet area. I would like to know the pricings for 1 bedroom & if they were updated,unitAssignment
225,Hi there. Yes I will be there at 4pm for my tour today. Thank you,tourBooking
226,be renter 's insurance require,renterInsurance
227,"1 bedrooms , and 04/02/2022",unitAssignment
228,I dont recall asking about an apartment,unknown
229,Do you accept section 8 voucher,section8
230,I'm sorry I'm going to look at the list again and let you know which one I decide to tour.,tourBooking
231,Yeah that would be fine :),unknown
232,"Yes, I'll do Friday at 9 AM.",tourBooking
233,Can I make an appointment,tourBooking
234,21st april 9 pm,tourBooking
235,How much is the rent?,unitAssignment
236,"Are pets allowed at this community? If yes, what types/breeds are allowed and which breeds are prohibited? Additionally, If you have a pet policy posted online, please paste the link here.",pet
237,"Friday, 10:30Am",tourBooking
238,Or 6 month lease,leasePeriod
239,With deposit?,deposit
240,"Are furnished units available? If yes, what furnishings are included?",furnishedUnit
241,be there any application fee,applicationFee
242,I was hoping to take a look today. Is that possible?,tourBooking
243,Where you send for me?,unknown
244,looking for where close to the city,nearbyAttractions
245,Yes I would like a tour.,tourBooking
246,How often will rent be increased and by how much? (Please include a dollar or percentage amount),rentIncrementPolicy
247,Its fine works for me,unknown
248,On Wednesday,tourBooking
249,No I'm thinking of moving in may or June,unknown
250,"3 beds, 2 baths, and move in date april 21st",unitAssignment
251,That doesn't work. I get off work at 6,unknown
252,Will do.  Thanks!,unknown
253,I got a quote already,unknown
254,Hopefully I can remove they are in all your units,unknown
255,I just want to know if I can park in that space while waiting for my apt,parking
256,Thankyou,unknown
257,can i see the property from my phone/laptop,virtualTour
258,thank you,unknown
259,Can you share property website link,propertyWebsiteLink
260,1,unknown
261,A tour please,tourBooking
262,tell rent,unitAssignment
263,That would be perfect,unknown
264,But that's still pricey,unitAssignment
265,i have a pet be that alright,pet
266,Do you have tour availability next Saturday,tourBooking
267,I'm looking for a 1 bed 1 bath apartment for the start of may,unitAssignment
268,be there any income requirement,incomeRequirement
269,We can schedule a tour .,tourBooking
270,"Goodmorning, Yes I would love a tour but I'm moving from Norfolk va to Houston is their any way possible that I could do a virtual tour?",virtualTour
271,"Hello, I would like to schedule a tour for Saturday 13, I would like to see studio #302",tourBooking
272,Hello I'm looking at your website and it's not showing any 2/2 for may or price's how much are your 2/2 and when will it be available?,unitAssignment
273,I want to know more the unit?,unitAssignment
274,what is the minimum deposit,deposit
275,Can i come for tour?,tourBooking
276,Do you have one bedroom apartment available,unitAssignment
277,Thank you ! Do you know when they will be getting I. Touch with me ?,unknown
278,"Yes, I would like to schedule a tour",tourBooking
279,I would like to!,unknown
280,Do you allow fogs?,pet
281,1 bed 1 bath with washer dry connects,unitAssignment
282,Do you have other Apts available at that price?,moveInCost
283,I have been so busy with work and I work from 9pm to 7 am Sunday through Thursday nights. So when I get off I'm dragging myself because of the type of work I do,unknown
284,Hi Ryan! We spoke earlier and booked a tour for Monday at 1 pm :),tourBooking
285,"Please provide us the Name, Phone Number, and Email of your property leasing agent(s)?",leasingAgentContact
286,I just submitted the application,applicationProcess
287,What lease length options are offered? (please specify),leasePeriod
288,https://www.zumper.com/apartment-buildings/p268509/635-ellis-tenderloin-san-francisco-ca,propertyWebsiteLink
289,sorry but is this studio for 3 people?,unitAssignment
290,"Sorry, last question. What is the parking like for this building?",parking
291,can i come for a tour,tourBooking
292,I'm looking for 1 bed and 1 bath,unitAssignment
293,My credit is not good,unknown
294,How many,total_units
295,"Yes thank you
I'll be there ",unknown
296,Good morning I do my application a couple of days ago trying to see is my status,unknown
297,swimming pool,pool
298,What amenities do you offer at the property?,amenities
299,Sunday would work too :),tourBooking
300,Sorry but I understood that the tour was canceled.,unknown
301,"Hi Ryan, I have a question. There are two prices listed on both apartments.com and the link in your email. What is the price for the studios ?",unitAssignment
302,"Sorry about this but I have to cancel this appointment, I used Zillow to contact you but I was on 1490 pine not 1739, not sure why zilliow sent me to this address and not
The unit I was viewing",unknown
303,"Hi, my job temporarily shut down till Tuesday for some maintenance, any availability for a tour before then starting tomorrow ?",tourBooking
304,Ya I was wondering is the place fully furnished,furnishedUnit
305,I just booked it actually!,tourBooking
306,That is pricey,incomeRequirement
307,be there any utility offerre,utility
308,"Hi Ryan, yes I would like to schedule a tour but could we do Thursday instead? Thank you for getting back to me",tourBooking
309,Yes when I just called they said they are not doing tours,tourBooking
310,Hey can I call you,unknown
311,how much be the rent,unitAssignment
312,La ubicaci√≥n,unknown
313,I'm looking for 1 or 2 bed apartment,unitAssignment
314,be there a laundry room onsite,laundry
315,be subleasing allow,sublease
316,How do i measure a good credit record,creditScore
317,I can't make my tour OR I need to cancel OR I won't be able to make it OR Please cancel my tour OR I can't make my tour,tourCancellation
318,Yes,unknown
319,i am looking for 1 bed and 1 bath,unitAssignment
320,i think we are good,unknown
321,I have a application I will bring it tomorrow at 12:00,applicationProcess
322,I can do a virtual tour if available as I am moving from California and will be in Houston Wednesday March 30th. Will you have a 2bed/2bath available?,unitAssignment
323,Okay perfect!! Thank You,unknown
324,Do u take second chance people,unknown
325,Sure. Budget of around. 700-800-900$ & only 1.,unitAssignment
326,Hey Kelsey. Thanks for the message. Actually I was wondering do you have any studios available? Also is month to month and option?,unitAssignment
327,I am looking to move mid-may,unitAssignment
328,That would be great. When would be a good time for you?,tourBooking
329,do utility cost more,utility
330,can i smoke,smoking
331,Yes what is the availability you guys have ?,unitAssignment
332,Questioned ‚ÄúI've scheduled you for 6 PM viewing on Tuesday 02/23/21. See you there! Take care.‚Äù,unknown
333,what is included in the common area,commonAreas
334,And yes I am interested,unknown
335,Additional information please,unknown
336,what is the rent??,unitAssignment
337,What is the pet pololicy,pet
338,Many thanks,unknown
339,"My budget is $1200, move-in date is July 1st, and it will be 4 occupants",unitAssignment
340,Hi! Thanks for reaching out!,unknown
341,Does this community feature a jacuzzi,hotTub
342,"Hi! Are you available tomorrow, Saturday?",leasingOfficeHoursSaturday
343,Do you have any one bedrooms available,unitAssignment
344,1 bedroom newly renovated and may 12,unitAssignment
345,"I would like to yes. Monday - Thursday after 5pm is when my wife and I would be available, is there a time next week that schedule might work?",tourBooking
346,monthly cost for the place,unitAssignment
347,Does this community feature a hot tub,hotTub
348,Ah. Thank you for reaching out. So I'm currently not based in SF and will be relocating next month. I have a colleague of mine who will check the apartment out on my behalf,tourBooking
349,I can come then,unknown
350,What are the parking options at the community?,parking
351,Testing again,unknown
352,"Hi, I'm looking for a 1 bedroom apartment on a 2 floor, I'll like to know the prices and availability.",unitAssignment
353,"Is there a guest policy? Please describe. Additionally, if you have a guest policy posted online, please paste the link here.",guestPolicy
354,Sure!! A virtual tour?,virtualTour
355,Good morning. Yes I am still interested,unknown
356,What is the minimum credit score requirement?,creditScore
357,I'll see if I can go tomorrow aftrr work ,tourBooking
358,How are utilities billed to residents?,utilityBilling
359,Yes Thank you for replying back to me so fast,unknown
360,"One bedroom, one bath. If there's a two bedroom available I wouldn't mind seeing it but a one bedroom is fine. 
I'm hoping to move in by May 1",unitAssignment
361,On what day of the month would rent be considered late? What is the late rent fee if rent is paid after that date?,rentLateFee
362,Do you have a guest policy?,guestPolicy
363,Yes I just called they have nothing until maybe May .,unknown
364,Unit 208.,unitAssignment
365,Thanks so much!,unknown
366,What type of tour options do you provide?,tourOptions
367,What holidays do you observe during which your leasing offices will be closed or have special hours?,leasingOfficeHolidays
368,I will let you know later today what day is best for me thanks,unitAssignment
369,600-800 move in date April 5 1 and 1 pet,unitAssignment
370,I would love to schedule an tour,tourBooking
371,Santa Clara is closer I work in Hayward at the Pepsi plant,unknown
372,Can i pay early to skip late fees,rentLateFee
373,can resident sublet,sublease
374,is there wheelchair access?,handicapPolicy
375,I am looking for 2 bedrooms and will move by april 9,unitAssignment
376,Yes,unknown
377,"Hi, yes I'm interested. Is it possible to do a remote tour? I'm actually moving to San Francisco for a job so I'm not in the city yet.",virtualTour
378,"Yes , I am still interested ",unitAssignment
379,Hola me interesa informaci√≥n adicional,unknown
380,What's the name of the place? And I would like to set up a tour,tourBooking
381,Wed Feb 17 11.30 am works for me,tourBooking
382,Can i have my family or friends over,guestPolicy
383,I have no pets my income is like 2500 I believe and 5 occuppants,unknown
384,Do I need a minimum credit score,creditScore
385,Because the other units are in soma area,nearbyAttractions
386,Does the rent increase over time?,rentIncrementPolicy
387,I will let my friend know and see what she says. Thank you!,unknown
388,do we have access to a gym,gym
389,can i book a tour with -PRON-,tourBooking
390,i be just wonder what be the amenity here,amenities
391,What is the name of the apartment?,community_name
392,Ok,unknown
393,Just need to know prices for now,unitAssignment
394,Direcci√≥n por favor,unknown
395,Yes! Parking is free?,parking
396,I will let you know by the end of next week!,unknown
397,Can you tell me about the current promotion?,leasingOfficePromotion
398,How much is the rent for a 1br apt?,unitAssignment
399,"Hello! I work until 5, but I'm off Wednesday at 1. Any availability Wednesday afternoon?",unitAssignment
400,Can I park in that space while viewing,parking
401,Not just yet. What are 2bd prices and what's include?,unitAssignment
402,It a have to be virtually.,virtualTour
403,I'll keep looking thanks so much,unknown
404,I cannot..I work during those hrs..im off work at 830pm,tourBooking
405,yes,unknown
406,Hey im interested  in the property,tourBooking
407,"Thank you, when we get to the place will this person be there?",unknown
408,Yes I would like to know more about the apartment,unknown
409,Yes please give me a call,unknown
410,Just leave me alone,unknown
411,How often will rent be increased?,rentIncrementPolicy
412,Laundry Facilities,laundry
413,What Studios do you have available in the mission district?,unitAssignment
414,What is the actual price monthly for the studio?,unitAssignment
415,"Hi Kelsey,
Ryan actually scheduled me for the open house tour @3:30 tomorrow.
I do appreciate your out reach.
Thanks so much,
Jayson",unknown
416,I just left downtown can send a virtual video or pics again ?,propertyWebsiteLink
417,i want to book a tour,tourBooking
418,Friday works! I'm a chef so work early morning at 6 till 2:30 so Friday works!,tourBooking
419,I need to move in as soon as possible,unitAssignment
420,do -PRON- need renter insurance,renterInsurance
421,Or 2bed/1bath is ok as well,unitAssignment
422,What's ur price on the 1 bedrooms,unitAssignment
423,"Do you accept applicants with broken lease or eviction history? If yes, how long ago must their broken lease or eviction have been?",evictionPolicy
424,Hi so I scheduled a tour and it's supposedly at this time. What number would I reach them at?,tourBooking
425,What is the address of the community?,community_address
426,Oh no worries,unknown
427,I tried to come before 3pm today.,unknown
428,Hola,unknown
429,"Hi, yes can i have more info. ",unknown
430,Do you offer virtual tours,virtualTour
431,Hi Kelsey. Thank you for reaching out. I would like to tour the apartment on Thursday at 2pm. An in-person tour would be best for me,tourBooking
432,I am currently in San Diego and would like a virtual tour today or tomorrow,virtualTour
433,12:00 PM,unknown
434,This place must be very nice,amenities
435,Perfect. Could you please share pictures of the interior of the units that are up for rent,amenities
436,"Hi Kelsey, I reached out to the leasing office and got to know that prices are upgrading. So I was wondering if I book earlier, would I get the prices mentioned in the website? 
Thanks a lot",unknown
437,No I don't really like that one.,unknown
438,Parking?,parking
439,be park extra,parking
440,What's the security deposit amount?,deposit
441,Okay an whats the difference between the one thats $720 & the $908,unitAssignment
442,Do you have a pet deposit/rent?,petRent
443,"
Should unarchive AGAIN",unknown
444,Maybe before that,unknown
445,Is there a fan in every bedroom,ceilingFans
446,Hi Kelsey! Sure! What time?,tourBooking
447,Is there any late charges?,rentLateFee
448,monthly charges,unitAssignment
449,what general amenity do this have,amenities
450,How much is the deposit again miss,deposit
451,I have time tomorrow and Wednesday-,tourBooking
452,Been working with John and Gustavo,unknown
453,"Thank you so much
Good night ",unknown
454,Will be available tomorrow morning 10am. Thank you for your response,tourBooking
455,Hi - not interested - thanks,unknown
456,saturday works,tourBooking
457,"It would be just me and my son, he's 3. Im 26. I am just looking for a better living situation for us. And affordable because I will be paying alone.",moveInCost
458,I'm getting ready to go back into work now I would like to talk to you at some point,tourBooking
459,Do you have pool?,pool
460,"Are you friendly pets, have a dryer and washers  in the apartment? ",utility
461,"If this is a robot, 2 bedroom 1 bath april 26th 2022",unitAssignment
462,"hi ryan, i was looking to learn more about the apartment and the requirements for applicant consideration.",applicationProcess
463,"3, preferably 4 beds/ 2 baths",unitAssignment
464,do you have health club,gym
465,Is there any security fee?,deposit
466,price for the property,unitAssignment
467,Yes if you have a 3/2 available downstairs now for rent.,unitAssignment
468,"Hi Kelsey, I will be in area April 20,-22",unknown
469,"meaning in great shape, breath able",unknown
470,"Perfect, thank you! ",unknown
471,"On the website it said a live video tour was an option, not just a  recorded video",tourOptions
472,1 bed 1 bath. Within 2nd week of April.,unitAssignment
473,hear*,unknown
474,what be the good feature of this apartment,amenities
475,Okay sounds good,unknown
476,Is all bills paid,applicationFee
477,be pool part of the amenity,pool
478,Prices,unitAssignment
479,do -PRON- allow pet in the apartment,pet
480,can i visit this monday?,tourBooking
481,I need talk to the leasing office,leaseOfficeContact
482,uinit 1 looks for good for me,unitAssignment
483,No answer,unknown
484,Si,unknown
485,The day is fine for me can we schedule the tour and you can help me to fill up the application I try to but I am missing some spots,tourBooking
486,Do you guys have a website?,propertyWebsiteLink
487,Stop,unknown
488,"Total move in $$,also if it is all bills paid",unknown
489,Yes please what are all your qualifications to move in how much is your deposit admin fee and application,applicationFee
490,hey,unknown
491,yess,unknown
492,Yes I would. I think I did a virtual tour,virtualTour
493,Hi yes my husband and I are relocating from Michigan to Texas. What are the qualifications to apply for apartment,unknown
494,Will you be able to do a virtual tour?,virtualTour
495,"Yes, I submitted the application about 3 minutes ago",applicationProcess
496,What is the process for application submission ?,applicationProcess
497,Hello do you have a 2 bdrm and how much,unitAssignment
498,could -PRON- highlight -PRON- top attraction,amenities
499,what's the rent control policy?,rentIncrementPolicy
500,Yes I will be coming today,tourBooking
501,"Can I see it tomorrow after work, 5:45pm?",tourBooking
502,How*,unknown
503,I am trying to come out to look at apartments in may. Definitely!,tourBooking
504,Do i need a backer,leaseGaurantor
505,Do you have rentals other than San Francisco,unitAssignment
506,I won't be available this Saturday,tourBooking
507,unit 2 is good for me,unitAssignment
508,what be full cost of move in,moveInCost
509,2bed 1 bath,unitAssignment
510,"No, I found a place. Thank you.",unknown
511,Is subleasing allowed?,sublease
512,"budget would be 1400h or $1500, move in date is 04/28/22, number of occupants is 3 an adult and 2 babies, and I need 3 bedrooms and 2 baths",unitAssignment
513,I'm looking to move in ASAP just needed to know like total move in price that I'll be looking at,moveInCost
514,What is your rent payment policy?,rentPaymentPolicy
515,Are there any extra utility charges,utilityBilling
516,I meant today at 2:45.,unknown
517,"Hi Kelsey, I called you a few minutes ago, and we agreed to call again on 29th of march",unknown
518,Yes one for tomorrow at 2 o'clock,tourBooking
519,Yeah I like that one. Are you guys primarily located in downtown sf?,community_address
520,Hey there sorry for not getting back to you sooner. I'm exploring a few other options I expect to work out so I'll reach out if not,unknown
521,What are the amenities? Is there a washer dryer in unit?,amenities
522,Good- thank you üôè,unknown
523,Quer√≠a saber si puedo moverme hoy mismo?,unknown
524,How do i get to the lease office,leaseOfficeDirection
525,what amenity do this unit have,amenities
526,When can I come see the apartments and I wanted to inquire if you might have a 3 bedroom available,unitAssignment
527,"Is electricity, water, heating, trash, internet, gas included",utility
528,What is the rent for the 1 bedroom and location?,unitAssignment
529,Oh ok yes I don't have any pets at the moment only one occupant,unknown
530,"Hello Kelsey!  My apologies been such a busy week.  I actually scheduled a tour via email for Saturday (reply via sfrent.net)

I found the listing via hotpads.  Should I just have scheduled with you instead?",unknown
531,are there any charges for having a pet,petRent
532,Where you guys located,community_address
533,Yeah can I schedule a tour please,tourBooking
534,What are your leasing office hours on Saturday?,leasingOfficeHoursSaturday
535,I don't need a tour but I'm trying to figure out what exactly I'd be paying to move in asap,moveInCost
536,Hi Ryan! Thanks for a prompt repsonse. I would like to schedule a tour. Do you have any availability on the upcoming friday?,tourBooking
537,Are you going to tell me who this is?,unknown
538,can i bring in a dog,pet
539,12,unknown
540,Do you work with misdemeanors?,misdemeanorPolicy
541,be renter insurance mandatory,renterInsurance
542,What all things are there in common area,commonAreas
543,Let me get back to you. Ur address is not directly on public transportation. So am i trying to find something on it.,unknown
544,Yes that's fine.. February! 1 bed/ 1bath. No children nor pets.,unknown
545,I really need a w/d connections. Thank you,unknown
546,"Take me off your 
Contact list",unknown
547,what kind of amenity do -PRON- have,amenities
548,What is the price for a studio,unitAssignment
549,We are flexible. But looking for a 2-3 bedroom place.,unitAssignment
550,Hi Kelsey- no further information is needed at this time. I appreciate the follow-up!,unknown
551,can i come for tour?,tourBooking
552,Yea i would like to!,unknown
553,Do you have a parking area?,parking
554,What time? When?,unknown
555,Unavailable,unknown
556,anything under 5000 $,unitAssignment
557,"Yes, please",unknown
558,can i sublease,sublease
559,What is the name of the community?,community_name
560,where be the property locate again,community_address
561,"Yes please , I'm Interested  to  lease a apartment by April 1 , looking for a 2B apt",unitAssignment
562,And my move in date is late may,unitAssignment
563,What's the location,community_address
564,"Yes, please tomorrow 6pm is good for me",tourBooking
565,And if so how much are they going for?,unitAssignment
566,2bdr 2 bath,unitAssignment
567,do i have to pay for a pet?,petRent
568,yes,unknown
569,I have pay stubs will you be able to get me in if approved in by the end of the month or sooner,unknown
570,Yes I will.,unknown
571,Does the property offer a private bathroom and bedroom ?,amenities
572,Ok sounds good thanks. And is there any security deposit discount available?,deposit
573,"Kelsey, thank you for reaching out. I am looking for properties that are accepting 3rd party assistance payments.",unitAssignment
574,Llegue a las 3 y me indican que est√°n cerrados y que no me pueden atender ..,unknown
575,that sounds good,unknown
576,do -PRON- require renter insurance,renterInsurance
577,Okay ma√±ana puedo de 10am a 1pm,unknown
578,Please give me a call for questions. Thank You,unknown
579,what is the cost to apply,applicationFee
580,What are your leasing office hours on Friday?,leasingOfficeHoursFriday
581,could -PRON- tell -PRON- the total fee that i should expect while move in,moveInCost
582,Total Units in Building,total_units
583,"Hi, I wasn't asked to pay a fee for the application. Is there a step I may have missed? Thanks!",applicationFee
584,do i need good credit,incomeRequirement
585,Hey I put in an application I wanted to check the status,unknown
586,what lease option do -PRON- have,leasePeriod
587,More information for right now please. If any move in special and total move in cost,moveInCost
588,Hi Kelsey. I would love my information. I just tried calling.,unknown
589,How much are your 1 bed rooms going for,unitAssignment
590,2 beds,unitAssignment
591,what is your  misdemeanor policy,misdemeanorPolicy
592,feedback survey. Please inform the office before lease signing.,unknown
593,Yes mam!!!! I would,unknown
594,is the deposit negotiable?,deposit
595,3 bedrooms move in time maybe or June,unitAssignment
596,be sublease allow,sublease
597,I understand thank you. Can I come in this Friday at 4pm?,tourBooking
598,"Is it possible to have a virtual tour? I live in Baton Rouge, LA, which is 5h away.",virtualTour
599,I won't be able to reach for tour,tourCancellation
600,pricing for the apartments,unitAssignment
601,1st option is good for me,unitAssignment
602,I also have someone coming with me I'm referring ,unknown
603,Yea I'm here,unknown
604,Can i see the property video on whatsapp,virtualTour
605,which location are you with?,community_address
606,can the application fee be waived,applicationFee
607,Additional information,unknown
608,what would be the total cost of move in to -PRON- property,moveInCost
609,Just looking for potential apartments,unknown
610,Ok ya voy para all√°,unknown
611,What is the pet polocy,pet
612,"Goodmorning, Yes I would love a tour but I'm moving from Norfolk va to Houston is their any way possible that I could do a virtual tour?",virtualTour
613,Moving out of state thank you,unknown
614,do -PRON- have a fitness center,gym
615,"Awesome, this is a great space and am really interested. What is the application process and how can I start?",applicationProcess
616,I will have the money Friday I get paid this week please,unknown
617,Around 1030 ?,unknown
618,I currently live in NYC so would it be possible to schedule a viewing in a week or two? I'm planning to fly out to SF to view apartments,tourBooking
619,I try to call but no answer,unknown
620,Hey yes,unknown
621,1 adult 4 kids,unknown
622,is there any restriction on pets,pet
623,Yes I would like to schedule a tour do you have any available,tourBooking
624,where be -PRON-,community_address
625,What is the link to the community's website?,propertyWebsiteLink
626,"Yes j wanted to see pics of the 2 and 3 bedroom,",unitAssignment
627,New tenant application process?,applicationProcess
628,Hi Mrs. Kelsey I would love that but I do have some questions.,unknown
629,Do you have any availability on Sunday?,leaseGaurantor
630,Or can you let me know when you have time Wednesday night and after. I'm currently mini vacationing with my son until work Wednesday?,leasingOfficeHoursWednesday
631,I am canceling the 500pm tour of 555 O‚Äôfarrell on the 25 of February.,unknown
632,Ok,unknown
633,Yes was looking for a 3 bedroom but it seems you are fresh out when i search on the website,unitAssignment
634,"Thanks 
We decide to stay more time in our current home ... ",unknown
635,Okay That Works,unknown
636,what kind of amenity do this place have,amenities
637,Is all utilities included garbage electricity heat,utility
638,can you tell me the apartment name?,community_name
639,"We can do tomorrow 5:30-6:30. Sorry I keep missing your calls. I'm at work. Should I text, call or just show up at that time?",tourBooking
640,What is leasing office direction,leaseOfficeDirection
641,Or else virtual tour is okay too,virtualTour
642,is there any rent control?,rentIncrementPolicy
643,April 6th I'll be free,unknown
644,"Yes, I would like to schedule a tour",tourBooking
645,and following up,unknown
646,Can you provide tour video of the property,virtualTour
647,what type of lease do -PRON- offer,leasePeriod
648,How can i see the house/property?,tourOptions
649,I'll head over there after work ,unknown
650,Oky thankes good,unknown
651,be cat allow,pet
652,What is the deposit?,deposit
653,"I'm in Florida , can We do a virtual tour? ",virtualTour
654,"Great, when can we set one up? And can you tell me a little more about the units you have available please and the application process?",applicationProcess
655,I am looking for 2 beds and two baths,unitAssignment
656,What tour types do you offer?,tourOptions
657,if i have a pet be that alright,pet
658,3bed 2bath its looking good for me,unitAssignment
659,Hi I'm here at the office ,unknown
660,"Is there a fitness facility? If yes, what equipment is available?",gym
661,"Questioned ‚ÄúHi Tandra, this is Kelsey reaching out because I saw you submitted an inquiry for Stratford House Apartments. Would you like to schedule a tour or know any additional information?‚Äù",unknown
662,I have all the required documentation,unknown
663,I'm looking for a 1 bedroom preferably on the b side,unitAssignment
664,Yes,unknown
665,Parking,parking
666,I am looking for two bedrooms and two bathrooms,unitAssignment
667,Does it except pets,pet
668,How much is it,unitAssignment
669,Y cu√°nto es m√°s o menos,unknown
670,Yes,unknown
671,I said 8:00pm don't believe you heard me correct I can do that time sun,tourBooking
672,Y'all don't have anything available for may,unitAssignment
673,Is credit check required,creditScore
674,Na we good,unknown
675,Can I come tommorow around 1030 please,tourBooking
676,Yes I wanted to know the payment and requirements for moving in for a studio or 1 bd/1bath,unitAssignment
677,Hey Ryan! I scheduled an appointment for 2pm tomorrow to see the place,tourBooking
678,Thanks so much,unknown
679,Thank you for contacting me. If possible Can we schedule a tour for Thursday or Friday. Thank you,tourBooking
680,pet?,pet
681,can i come for tour?,tourBooking
682,How late are you open?,unknown
683,Do you allow lease guarantors?,leaseGaurantor
684,Do I need to have a good credit history?,creditScore
685,Is there any central cooling system,airConditioner
686,Also I went to see the 2210 107 place yesterday and the property manager said they allow pets,pet
687,second looks fine to me,unitAssignment
688,is there on street parking available for guests,parking
689,Muchas gracias feliz tarde amigo !!,unknown
690,"Thanks! That sounds great!
Thursday works-I believe the time was 5pm on the listing?",tourBooking
691,What is your website,propertyWebsiteLink
692,"I can come now, if you guys are ok",tourBooking
693,Can you cancel my tour,tourCancellation
694,Thursday the 11th would be perfect!,tourBooking
695,Ya que no hay forma de comunicarme cn ustedes y no estoy recibiendo la respuesta que espero,unknown
696,could you send me the rent cost?,unitAssignment
697,"Quick question, were you talking about today or tomorrow for the 3:30 tour?",tourBooking
698,I'm actually getting ready for work,unknown
699,GOODAY do pictures of the place my bed is a cal.king,unknown
700,Unit options,unitAssignment
701,do -PRON- have exercise facility,gym
702,Do you have swimming pool,pool
703,Yes I was wondering how's the parking like,parking
704,I will be there,unknown
705,Are guest allowed ?,guestPolicy
706,I want to book a tour.,tourBooking
707,What happens if I can't make the rent payment on time,rentLateFee
708,Does this community feature outdoor spaces?,outerSpace
709,Is the electric included,unknown
710,Okay I'll go ahead and call him thank you!,unknown
711,schedule a tour,tourBooking
712,I am looking for 2 beds and 2 baths,unitAssignment
713,Do yall have any move in specials,unknown
714,Hello 2300 is to much for me thank you though I am willing to go 2000 if you find anything,unitAssignment
715,Hi Ryan. Thanks for reaching out! I am in LA and won't be able to come up to the Bay. I won't be moving until June and wanted to get a head start looking at buildings. I'd love to keep your contact and reach out in May if that's okay with you!,tourBooking
716,"What is the rent for 1 bedroom and studio, with washer ad dryer.",unitAssignment
717,"I will, thank you!",unknown
718,Where can i wash my clothes,laundry
719,Is there a Swimming pool?,pool
720,Is there any one time shifting charges,moveInCost
721,Okay sounds good,unknown
722,"Sat Feb 27, 2-2:30 is good!",tourBooking
723,"I am a felon, will be eligible",feloniesPolicy
724,Do you have a video tour i can see,virtualTour
725,"Are there parks, restaurants, clubs in the neighborhood",nearbyAttractions
726,Any downstairs and available for move by the 31 or the 1st of April and special anything without carpet,unitAssignment
727,How many apartments are there in this building?,total_units
728,"Ryan , Thank you for showing the room for me ...I will call again soon  ...",unknown
729,Sure that would be great,unknown
730,Im coming up from Southern California,unknown
731,That would be awesome,unknown
732,No not moving now. Lost job. But thank you for checking.,unknown
733,"What is the total amount a new resident should expect to pay upon moving in? (Please provide a total number and breakdown by deposit, application fees, move in fees, etc)",moveInCost
734,1 or 2 bedroom,unitAssignment
735,Monday works great,tourBooking
736,"Yes, please tomorrow 2pm is good for me",tourBooking
737,Yes I have a couple of questions.,unknown
738,I work all day Saturday so sadly that doesn't work for me.,tourBooking
739,So I have a lease rn that ends in may,unknown
740,how about a gym,gym
741,What is the income proof document required,incomeRequirement
742,What is monthly rent ?,unitAssignment
743,Ok sounds good,unknown
744,how much and when can i move in,unitAssignment
745,"And yes pls, I will like to see available 2bed 2baths you have in advance.  Thanks",tourBooking
746,1 bedroom & 1 Bathroom whenever it's available,unitAssignment
747,Do you have a swimming pool,pool
748,Can we do a tour Tuesday?,tourBooking
749,Is there any car charging stations,electricVehicleCharging
750,Si estoy buscando apartamento de 3 recamaras Kelsey,unknown
751,I want to cancel the tour,tourCancellation
752,If you can email some information I'm in El Paso Tx I need to relocate to Houston ,unknown
753,How much is the rent for the property?,unitAssignment
754,monthly rental,unitAssignment
755,I work Tues thru Sat,unknown
756,I'm sorry I don't have any pets. ,pet
757,Ok I will be willing to take a tour on Monday morning I will message tomorrow,tourBooking
758,0-bcce-26e6dd5fb92e&bsft_pid=fce702a5-625b-4905-84b9-ff13b512ee06&utm_campaign=1-week-reminder-for-viewed-in-last-day&utm_source=blueshift&utm_medium=email&bsft,unknown
759,Ok no problem I left a voicemail   So hopefully they get back to me this week,unknown
760,The application and guarantor application,leaseGaurantor
761,Are people with a broken lease history allowed,evictionPolicy
762,What time?,unknown
763,How much do I have to put down to move in ?,deposit
764,I I'll get this too right,unknown
765,I thought y'all had other properties like you guys were connected?,unknown
766,400 less than what I'm paying now,moveInCost
767,Yes ma'am I wanted price and information on a 22 or 21 available May 1 deposit application fees and requirements to get into apartment thank you so much,unitAssignment
768,"yes, we will be there.",unknown
769,I'm available today or Friday afternoon or any time next weekend,tourBooking
770,Thank u I have my appt with him tomarrow I hope he gets the voicemail I cant get there until 3 30 instead of noon time thanks again,tourBooking
771,Are there coolers in the apartment,airConditioner
772,Let me get back to you on that!,unknown
773,Sunday works for me,tourBooking
774,"Hello Ryan 
Let me check and I will let you know 
Thanks ",unknown
775,How much is that going for,unitAssignment
776,It's okay thank you ,unknown
777,???,unknown
778,can -PRON- tell -PRON- more about the gym in premise,gym
779,I have a car hard to park,parking
780,"also what are the details of the move-in/furniture promotion?
",leasingOfficePromotion
781,Im having a hard time finding a place for me and my kids to live,unknown
782,Thank you for reaching out! Yeah I was able to talk to someone earlier.... I will be there üò¨,tourBooking
783,"3b-2b, & sometime in may",tourBooking
784,what utility,utility
785,can I come this monday?,tourBooking
786,Yes I would love to.,unknown
787,Utility billing,utilityBilling
788,"Okey that's work for me,",unknown
789,"i want to schedule a tour
VK",tourBooking
790,Oh ok thanks!,unknown
791,Thank you! One more q would I be able to see a two bed room too and also what is the price diff,unitAssignment
792,It's would have to be on the 4th of April,unknown
793,where would i be live,community_address
794,"Hi, sorry for the late response. I just seem that I'm not qualified, because my income is not enough.",unitAssignment
795,Can I check out this property on a website,propertyWebsiteLink
796,No I am not moving until late fall. Thanks you,unitAssignment
797,"Do you offer virtual tours? If yes, please describe here how virtual tours work.",virtualTour
798,Cool,unknown
799,Start an app and I'm waiting for an approval response.,applicationProcess
800,"Hi Ryan, yes please I would like to set up a tour of the property.",tourBooking
801,Perfect! Whats the pricing on that,unitAssignment
802,I need to change my tour time,rescheduleTour
803,I'm trying to complete the application online but it keeps saying to fill out all of the required information but I have filled out all information fields ,unknown
804,do you have 2x1 bedroom avablity,unitAssignment
805,No our dog is not allowed. Thank you,unknown
806,I want to cancel my tour,tourCancellation
807,I'm looking to see if you have any 3 bedroom 2 bath or 2 bedroom 2 bath with a washer and dryer connection available for immediate move in. and how much would the total move in be if so.,unitAssignment
808,Where is the property,community_address
809,can i have a dog at the apartment,pet
810,"I'm sorry,looking for all bills paid for now thanks for your help ",utilityBilling
811,Do you allow dogs?,pet
812,"Yes, would like to schedule a tour. I close from work at 5:30 p.m. Will be available after work. 
Thanks.",tourBooking
813,Ok can I park at your office,parking
814,could i come and visit,tourBooking
815,Do you have swimming pool?,pool
816,Ok,unknown
817,Im looking for 1 bed and 1 bath,unitAssignment
818,Is there a central Air conditioners in the community?,airConditioner
819,what cool amenity do -PRON- have,amenities
820,unit 2 works for me,unitAssignment
821,"If yes, how much is rent ? ",unitAssignment
822,"Thanks you! My budget is 1300. It will be my wife, daughter and I. I don't have any pets.",unitAssignment
823,I definitely would,unknown
824,Rental requirements,unknown
825,Also just to let you know i was convicted od a DUI felony back in 2014 will this be an issue,misdemeanorPolicy
826,How many pets are allowed,pet
827,hey kelsey,unknown
828,what is your felony policy,feloniesPolicy
829,10am is cool?,unknown
830,I will like to,unknown
831,Hours of operation,unknown
832,Do you have a one bedroom available,unitAssignment
833,Do you have any available?,unitAssignment
834,3 pm works for me,tourBooking
835,Is there additional cost to move in,moveInCost
836,be park available,parking
837,I work in South Bay,unknown
838,Thank you for your time!,unknown
839,Prefer to move in next month like 3rd week of April,unitAssignment
840,what be the rent and when can i move,unitAssignment
841,Do you work with felonies?,feloniesPolicy
842,"Does the community have air conditioning? If yes, what is the type of air conditioning?",airConditioner
843,I need to know how much the studios go for?,unitAssignment
844,K,unknown
845,what kind of utility be include in -PRON- rent,utility
846,I was looking for a all bills paid apartment but it really didn't say if it is or not,unknown
847,What are all your requirements,unknown
848,what utility be offer in rent,utility
849,If that's possible ,unknown
850,Show much is move in?,unknown
851,How much does utility cost by month,utilityBilling
852,"Hi, I would like to know if a Guarantor is required and if there is a security deposit?",leaseGaurantor
853,No 2 bedroom?,unitAssignment
854,"1 is fine. I'll rearrange some things, thanks!",tourBooking
855,"Hello Ryan, is the 6:00pm appt for the moving still available for tomorrow???",tourBooking
856,?,unknown
857,Yes I am looking for a 2 bd,unitAssignment
858,Schedule a tour.,virtualTour
859,I called the # and SF rent answered Marcus,unknown
860,Ok just making sure cause I planned on paying online! An 3x the rent so that should be like 3000 a month then?,unknown
861,do -PRON- guy do in person tour,tourBooking
862,"I know lower nob hill is a little pricier, but I would be okay with a studio within that price range there. Do you have any listings there?",unitAssignment
863,I would like more information before I schedule a tour,unknown
864,I can't afford that.i barely bring home 2400 a month,unknown
865,Yeah I have a felony of 8 years back agg robbery in was wondering if this could stop me from moving into your establishment,misdemeanorPolicy
866,One bedroom 1 bath. May 6,unitAssignment
867,We we're heading from another place in Oakland,unknown
868,How much is the late fee?,rentLateFee
869,Is the tour tomorrow at 6:00 for #306 or #406 1461 Alice or both?,tourBooking
870,Yes ma'am would Friday at 3 work ?do y'all have a washer and dryer included!,utility
871,Is mornings available,unknown
872,Do you have ceiling fans?,ceilingFans
873,what all things are there in outer space,outerSpace
874,That would be wonderful too actually thank you!,unknown
875,Do you accept Section 8?,section8
876,what are your move in fees,moveInCost
877,"I wanted to ask more about the rent and the special y'all have going on , I'm trying to move from Shreveport ",unitAssignment
878,What's the best option  for me in the mission for a studio?,unitAssignment
879,"Awesome.. See you around the 11th.
What will be the security deposit and requirements..",deposit
880,Yeah that'll work,unknown
881,do you have gymnasium,gym
882,What sort of common areas does this community feature?,commonAreas
883,Is there any outer space,outerSpace
884,"Yes, please tomorrow 3pm is good for me",tourBooking
885,Ok so I pay utilities+ rent?,unknown
886,"I'm looking for a 2BR, 2BA. Is there any available now?",unitAssignment
887,Yes,unknown
888,"Oh dang, what address was the other location?",community_address
889,yeah sure,unknown
890,I need one room apartment and I'm planning to move asap,unitAssignment
891,Please describe the amenities the community offers.,amenities
892,what length of lease do -PRON- guy have,leasePeriod
893,are the units Furnished in the building,furnishedUnit
894,Ok thanks Kelsey appreciate it!,unknown
895,"Oh, okay",unknown
896,Yes how many one bedroom do you have available and if I'm approved how soon would I be able to move I ,unitAssignment
897,I want to stop by today,tourBooking
898,"Ok, I can be there 4-4:15. Ok for you? Parking?",parking
899,No I get off at 5pm and I am 10min away.,unknown
900,April 6th moth the 8th I'll be at work,unknown
901,Can someone video call me from the house,virtualTour
902,We have selected another property thank you for your time,unknown
903,What's the rent increment policy,rentIncrementPolicy
904,Did you rent out #5 yet?..its been posted off the market,tourBooking
905,yes. I would like a virtual tour,virtualTour
906,"Disculpe el precio que me enviaron que incluye, o hay que pagar el agua y otras cosas aparte",unknown
907,be there a pool in the property,pool
908,"Yes, I was wondering what are you guys 2 bed rooms releasing for ?",unitAssignment
909,Can i charge my Tesla,electricVehicleCharging
910,pet,pet
911,Is pets allowed?,pet
912,What's the deposit for this unit?,deposit
913,do you allow dogs,pet
914,"Hi Ryan, to thanks for texting me. Yeah, I'd like to schedule a tour and see the place, I'm available on weekends. Let me know a good time for you.",tourBooking
915,No thank you,unknown
916,yes I would like to know if you all except section 8 vouchers please... thanks,section8
917,what are all the utilities included,utility
918,Can we do tomorrow at 3:30pm,tourBooking
919,"Are pets allowed
",pet
920,"Yes I do like to have a tour
But I am in Houstan only for today and Saturday, please let me know if you can show me the property. Thanks Raza",tourBooking
921,Ok. Is the live tour an option?,tourOptions
922,Ya pague 130 de aplicaci√≥n,unknown
923,"Hi Kelsey, yes I would like to schedule a virtual tour for a 1bed 1 bath",virtualTour
924,Can you show me the property on a video call,virtualTour
925,"Hello, currently not at this time but I will be looking very soon. Thank you very much !",unknown
926,So will he approve if we tried to get that apartment?,unknown
927,I would like to schedule a tour,tourBooking
928,Yes,unknown
929,how much per month,unitAssignment
930,I am looking for 2bed 2 bath,unitAssignment
931,Do I need a lease guarantor,leaseGaurantor
932,Is it going to cost extra for pets,petRent
933,"Hi Ryan!
Thank you
This studio is actually for my son.
My son and I would like to see it 
",tourBooking
934,do -PRON- have a gym,gym
935,Okay perfect!!,unknown
936,Is there any deposit for pets?,petRent
937,under what condition will -PRON- with hold the deposit,withholdDeposit
938,Ok thank you,unknown
939,yes thatll work,unknown
940,And is it refundable if not approved? Or applied to rent if approved. Any move in specials?,unknown
941,"Hi Ryan, thanks for reaching out. Not quite yet but I'm considering. 

I wanted to ask where the bathrooms and showers are, also the cost of the rent and deposit. Do you allow students to stay at your apartments?",unknown
942,Are the heaters built in?,heatingSystem
943,"Hi. I have not seen another place yet, but my husband said I should hold on, the place is too far to his office. Thanks",unknown
944,Cancel only,tourCancellation
945,Are there any Sunday tours,tourBooking
946,I'm Googling it now ,unknown
947,can i come in for a tour later today,tourBooking
948,do -PRON- have any hard income requirement,incomeRequirement
949,Hi there! Waiting to hear back from my friend regards getting a place. I was actually helping her to find one. Let you know. Thank you!,unknown
950,"Hi, I believe I already sent in my application and was told it is being processed",applicationProcess
951,"Hello I was wondering, how much is the rent there? For two bedrooms ",unitAssignment
952,Are you able to cater to people with disabilities?,handicapPolicy
953,Sometime this week and can you send me the address please,community_address
954,can resident sublease,sublease
955,Um sure for tomorrow I have a bunch of tours tomorrow so I can let you know that whenever I'm done with those thank you,tourBooking
956,tomorrow 3 pm,tourBooking
957,Do you have any specials,leasingOfficePromotion
958,1 bedroom 1 bathroom,unitAssignment
959,Yes,unknown
960,Y cuanto debo pagar d renta?,unknown
961,Can you give me a call?,unknown
962,2,unknown
963,2 bedrooms are $850,unitAssignment
964,how much be -PRON- to apply,applicationFee
965,Do you have a move in special ?,leasingOfficePromotion
966,Yes I am looking for a 3 bedroom,unitAssignment
967,Additional info.,unknown
968,reschedule my tour,rescheduleTour
969,"Hi Ryan, sorry I need to reschedule the tour, would it be possible tomorrow morning?",tourBooking
970,Tienen apartamentos disponibles de 2 rec√°maras,unknown
971,I will want to move ASAP,unitAssignment
972,be there a gym for resident,gym
973,Is there an apartment ready to move in this week?,unitAssignment
974,Is there anyway to see the property without visiting it,virtualTour
975,Can you cancel my visit?,tourCancellation
976,Yes the 1bed 1bath is perfect and do u have any openings next week/weekend,unitAssignment
977,Can you provide me an online tour?,virtualTour
978,Let go with Thursday at 6,tourBooking
979,May I have virtual tour. Disabled,virtualTour
980,Do you have any virtual tours available?,virtualTour
981,hi,unknown
982,"As of right now, no ma'am. We already have a scheduled tour this Thursday at 4:30",tourBooking
983,Yes please.  I need a downstairs apartment also,unitAssignment
984,Please describe how rent is collected and any applicable policies.,rentPaymentPolicy
985,do -PRON- have a pool onsite,pool
986,On tomorrow morning,unknown
987,A tour of that pussy,unknown
988,I'm not available on the weekend,tourBooking
989,2 bedrooms and I'm looking to move April 9,unitAssignment
990,"Hi Ryan! Thanks for your email. 

I just wanted to confirm the cost of rent for the places you sent over. I noticed the move-in costs but wanted to clarify everything before moving forward. ",moveInCost
991,Yes I would love to schedule a tour and I do have a few questions,tourBooking
992,Or a 2x1 what ever is cheaper,unitAssignment
993,are viewings only available on weekdays?,tourBooking
994,"Hi Ryan, I'd be interested to get a virtual tour if possible first and more details about building before coming in for a tour",virtualTour
995,how many pet can i have,pet
996,Por el 313,unknown
997,do -PRON- guy have a pool for resident to use,pool
998,Could you send me information ?,unknown
999,"Thank you so much for reaching out to me! I am very much interested in the studio apartment for $1395. I would love to see the place if it is still available. I can be available tomorrow at 11:45am. However, I am in Southern California so if a virtual toor is possible that would be great!",virtualTour
1000,be there any condition because of which -PRON- will with hold the deposit,withholdDeposit
1001,No something came up I have to take care of it,unknown
1002,Would like a tour yes,tourBooking
1003,Price on the two bedroom ?,unitAssignment
1004,be there hard income requirement,incomeRequirement
1005,What will be included in that again ?,amenities
1006,I am looking for a one bed one bath and my lease is up in May so sometime either before or in the beginning of may,unitAssignment
1007,unit 1 is good for me,unitAssignment
1008,Is Saturday April 9th at 1pm a good time?,tourBooking
1009,I am looking for 2 bedrooms and 2 bathrooms,unitAssignment
1010,1bedroom,unitAssignment
1011,How many units are there?,total_units
1012,"do you have any 3 bedroom
2 bath or 2 bedroom 2 barb available with a washer and dryer connection?",unitAssignment
1013,Ok,unknown
1014,How much is the apartment? Does the property pay for utilities?,moveInCost
1015,Yes. I got one.Thanks.,unknown
1016,Oh okay thank you,unknown
1017,"Okay, let me get back to you in the morning when I get off. I'll be sure to stay up until I talk to you",unknown
1018,Yes was looking for a med/large 1bdrm or small 2bdrm need prices and availability,unitAssignment
1019,Can you send over the location,community_address
1020,"Hi Ryan, thanks for reaching out.  I would like to schedule a tour. Any chance that tomorrow morning would work?",tourBooking
1021,Do the apartments have ceiling fans?,ceilingFans
1022,What is the minimum income requirement,incomeRequirement
1023,"Yes, I would like to schedule a tour",tourBooking
1024,I don't have any pets,pet
1025,On 1st floor,unknown
1026,I'm sorry imma try in come in today ,unknown
1027,I do apologize for the late response. I am at work. But I was specifically interested in seeing unit #05 that I saw advertised for $1195 per month.,tourBooking
1028,2 bedrooms and I'm looking to move April 9,unitAssignment
1029,Yes and the deposit and fees you will need to pay before moving in,moveInCost
1030,So me dijeron q esta listo y me lo ense√±aron,unknown
1031,what is the rent?,unitAssignment
1032,"What is the application fee, and the requirements for renting? Thank you!",applicationFee
1033,Can i have cigarettes in building,smoking
1034,How much is it?,unitAssignment
1035,Muchas gracias,unknown
1036,be pet allow,pet
1037,I could try to do Saturday afternoon.,tourBooking
1038,"Hi! I would like to prematurely schedule a virtual tour. I'm living in Covington, Kentucky right now but have job prospects in San Francisco.",virtualTour
1039,Ok he has a pit thanks,pet
1040,be there a four wheeler parking,parking
1041,You too,unknown
1042,Okay sure a virtual tour,virtualTour
1043,Thank you very much!,unknown
1044,Where can i walk to near the house,nearbyAttractions
1045,Yes! A tour would be great. Do you have any availabilities  the week of April 5-11?,tourBooking
1046,do you have a swimming place,pool
1047,I am going to have to cancel,unknown
1048,what be the address,community_address
1049,Sure but you know we are moving in may at most,unknown
1050,Anytime tomorrow is fine,tourBooking
1051,What is included with the rent ?,amenities
1052,Is the property in HISD?,community_address
1053,or actually the weekend of the 19th/20th would be better,tourBooking
1054,"Thank so much,I'm available Tuesday at 6:45pm",tourBooking
1055,So no bills paid,unknown
1056,Can you call me tomorrow,unknown
1057,Do you accept applicants with felonies on their record?,feloniesPolicy
1058,We are applying now,unknown
1059,Are pit bulls allowed here?,pet
1060,Came Saturday be back on Monday,unknown
1061,2bath 3bed is good for me,unitAssignment
1062,Can you accommodate handicap?,handicapPolicy
1063,Whats app fee and deposit,applicationFee
1064,tell price,unitAssignment
1065,Hey! How safe is your area?,unknown
1066,Does the apartment include furniture,furnishedUnit
1067,How much is 3/2,unitAssignment
1068,Works the best,unknown
1069,Can i charge my Prius,electricVehicleCharging
1070,Si la verdad me interesa cu√°nto es la renta y que necesito y para cu√°ndo est√° disponible,unknown
1071,You have any available now,unknown
1072,I want to know if it has been approved,applicationProcess
1073,I'm looking to move in may 1,unitAssignment
1074,Removed a question mark from ‚ÄúI've scheduled you for 6 PM viewing on Tuesday 02/23/21. See you there! Take care.‚Äù,unknown
1075,Yes!,unknown
1076,"Hi there.  I was on the site checking prices. Unfortunately,  you are out of my price range.",unknown
1077,But what's the price,unitAssignment
1078,Do you have electric car charging?,electricVehicleCharging
1079,You can call me any time today,unknown
1080,what be all the fee -PRON- charge for new renter,moveInCost
1081,2badrom,unknown
1082,"Hi Divyai, this is Kelsey. I'm following up since you recently inquired about Cantera. Do you have any questions or can I assist you with scheduling a tour?",tourBooking
1083,How much for a one bedroom?,unitAssignment
1084,I was able to look at a unit so now I'm just waiting for a call. Thanks,unknown
1085,Let me check it out and I'll let you know,unknown
1086,Is there any rent for pets?,petRent
1087,Yes pleas,unknown
1088,Yes that does! What is the pet policy in place at your apartment?,pet
1089,Hi yes I would like that,unknown
1090,what do i need to qualified,unknown
1091,If not ill take the 2 bedroom,unitAssignment
1092,Cancel,unknown
1093,Does the AC reach every room,airConditioner
1094,can i get a short term lease,leasePeriod
1095,1 bedroom next month,unitAssignment
1096,Will do. I got your email and will get something scheduled. Thanks!,tourBooking
1097,Together $3600 a mouth,unknown
1098,what equipment are there in gym?,gym
1099,Do you Have washer and dryer hook up?,laundry
1100,"Hey Ryan! I hope you are as well! 
Yes I'd like to schedule a tour. I was wondering also the availability of a 3 bed room - is that something you have?",tourBooking
1101,"I'm here now with Nora, thank you",unknown
1102,No thank you,unknown
1103,I'm trying but I cannt log in,unknown
1104,What is your eviction policy?,evictionPolicy
1105,Had to do something for my job !,unknown
1106,Thank you. Cam you please explain what the ‚Äúmove in/furniture cost reimbursement ‚Äú means?,unknown
1107,"And is this promotion still valid

I sent you an email about it . : $ 2500 REIMBURSEMENT FOR MOVE IN / FURNITURE COST AND NO APPLICATION FEE
Exclusions may",unitAssignment
1108,Where is the lease office,leaseOfficeDirection
1109,"I donnt need the tour any way, can I apply for the apartment",unitAssignment
1110,"Hello, I  stuck at a meeting. Do you have any availability over the weekend ?",tourBooking
1111,Yes about your rent special,unknown
1112,"Yes, I am looking for a rental in the right location.",unitAssignment
1113,do -PRON- allow pet,pet
1114,price per month,unitAssignment
1115,My boyfriend is scheduled for a tour later today. His name is Jamen Suter-Donaldson!,tourBooking
1116,"Thanks for reaching out, I've signed up for an open house on 3/06. Is anything else required?",tourBooking
1117,Okay thank you,unknown
1118,Please describe the application process in detail. Be sure to include which documents are required for an application.,applicationProcess
1119,APRIL 1ST @11AM,unknown
1120,be there a gym available,gym
1121,Hii,unknown
1122,Thanks so much! How long is the lease may I ask?,leasePeriod
1123,What is the property website,propertyWebsiteLink
1124,What type of heating system do your units feature?,heatingSystem
1125,Does your community provide accomodations for the handicapped? Please describe ADA,handicapPolicy
1126,Is the apartment furnished?,furnishedUnit
1127,do -PRON- have income requirement,incomeRequirement
1128,"Hi Ryan , what is the price on this place?",unitAssignment
1129,Hey I was wondering if you had any 2bedroom 2 baths maybe?,unitAssignment
1130,how much do -PRON- cost to apply,applicationFee
1131,Hey Kelsey Good Morning this is Covia so just wondering how much is your application fee?,applicationFee
1132,"yeah, tomorrow 3 pm works for me",unknown
1133,what be the price,unitAssignment
1134,We are looking for a 3 bedroom and 2 bathrooms and want to move by June or July.,unitAssignment
1135,could i schedule a viewing,tourBooking
1136,I am available Friday at 2:30pm. Would that work?,tourBooking
1137,Then with all the other money I get and help from my dad I'll be able to afford everything :),unknown
1138,Is there any heater system?,heatingSystem
1139,9 am works for me,tourBooking
1140,I'd love to set up a time to go look at this property,tourBooking
1141,So 95 total?,unknown
1142,What are your leasing office hours on Tuesday?,leasingOfficeHoursTuesday
1143,I just need a place for me my new Bron please,unknown
1144,Please describe all costs related to the application process.,applicationFee
1145,do be have in unit laundry,laundry
1146,Do you have studio or any 1 bedroom apartments available anywhere else in the city? Like the mission or elsewhere?,nearbyAttractions
1147,Yes,unknown
1148,Any openings for July as for a move in date ? If so we'd be more then happy to apply for the 1bed,unitAssignment
1149,The 6th would be perfect,unknown
1150,Yo aplique ayer?,unknown
1151,"Do you accept applicants with misdemeanors on their record? If there are any details regarding felonies/misdemeanors, please add them here.",misdemeanorPolicy
1152,2 bed 2 bath looking good for me,unitAssignment
1153,do -PRON- come with utility,utility
1154,"My budget would be $900, move in date would be April 15th, 1 occupant",unitAssignment
1155,Yes I was inquiring about your 2 bedrooms how much are they ? & is there any available,unitAssignment
1156,Does this property have AC,airConditioner
1157,I would love to schedule a tour. What time would be best?,tourBooking
1158,im looking for 1 bed and 1 bath,unitAssignment
1159,I want to see 1 bdrm,unitAssignment
1160,"designated parking space for your car. It's located in #10 Studio
1739",parking
1161,Thank you so much,unknown
1162,Can they open up for 10 minutes I can't do any of these,tourBooking
1163,I like the 2x1 but i wanna look at the 1x1 too,unitAssignment
1164,"Hi Kelsey, thank you for reaching out! Before I come in I just have a couple of questions. What amenities do you offer at the property?",amenities
1165,when do -PRON- have the place for rent and how much be -PRON-,unitAssignment
1166,Do you have any times on Friday?,tourBooking
1167,2 Bed 2 Bath Preferably April 6th,unitAssignment
1168,"Thanks for the reply I will definitely  be there at 5pm on Tuesday  February  16th to meet  with  Mr. Gothberg, and thank you  for your time 
Kenneth Quivers",tourBooking
1169,can i come for tour,tourBooking
1170,do you have workout area,gym
1171,hi yes i would like to schedule a tour,tourBooking
1172,"Hi Kelsey, I can take a look at the apartment in a couple weeks. ",tourBooking
1173,what be -PRON- income requirement,incomeRequirement
1174,"Oh hello and good morning! I have been offered a job in the Galleria area and really liked your complex. However, I would be looking to move until about July, as I am currently in South Carolina.",unknown
1175,For a 1-2 bedroom,unitAssignment
1176,2 bed 2 bath,unitAssignment
1177,how many parking spot do -PRON- come with,parking
1178,Is this a good call back number,unknown
1179,Hi Ryan.. thank you for your email.Is this palace court apartments? Can you confirm the price range for studio?,moveInCost
1180,The payment for parking is separate?,unitAssignment
1181,do you have 2/1 availability,unitAssignment
1182,would -PRON- be able to use the pool,pool
1183,I would like to apply for a studio that was advertised for $1395 if it is still available.,applicationProcess
1184,2 bedrooms,unitAssignment
1185,"Is there a pool? If yes, is it an indoor our outdoor pool?",pool
1186,Confirming that the apartment is cat friendly?,pet
1187,can i come for tour?,tourBooking
1188,When are you closed?,leasingOfficeHolidays
1189,how do i reach there,community_address
1190,Can you please text me which apartment ?,community_address
1191,Today would be great for 11am,tourBooking
1192,Ok how about the one bedroom prices,unitAssignment
1193,https://www.zumper.com/apartment-buildings/p226885/1025-post-downtown-san-francisco-ca?bsft_eid=f0a0cafe-a1f3-4e5d-93db-897abc412ad2&bsft_aaid=aa62ecf7-2655-4bf,propertyWebsiteLink
1194,Do u have one bedroom apartment available?,unitAssignment
1195,"Is there electric car charging? If yes, is the charging available for personal parking spaces or designated spaces?",electricVehicleCharging
1196,Really a studio  or 1 bed,amenities
1197,"Hi, I will not be able to arrive at the agreed time. I'm in a meeting and I don't know what time it ends.",unknown
1198,Ok thanks,unknown
1199,"Bueno tardes, nesecito ser una cita para un apto de tres avitaciones, este numero me lo dio una amiga ",unknown
1200,"Hi. Yeah, I just moved to Houston from California a few months ago. I'm just looking for a decent place I can afford on my own. I'm a student, so I'm finding out that it's difficult to study with roommates constantly making lots of noise. What is the lowest rental at Chestnut Hill?",unitAssignment
1201,Hi. I will be in Houston on May 22nd. Can I come by that day? Also how much is required to move into your one b droom on July 1st 2022 altogether?,moveInCost
1202,I'm wondering the prices for a efficiency or 1 bedroom,unitAssignment
1203,How do I do the application,applicationProcess
1204,Can you send me the application,applicationProcess
1205,Hi are you doing virtual tours?,virtualTour
1206,hello your location is in dallas tx?,community_address
1207,"Hi Kelsey! May I have a virtual tour? & I am looking to move from Mississippi within the next few months, when do you think would be the best time to apply?",virtualTour
1208,Yes what's the address,community_address
1209,What info do I need to fill out application for 1bedroom,applicationProcess
1210,Do you all have virtual tours,virtualTour
1211,If the tour isn't virtual I will not be able too until I'm in state which will be next month,virtualTour
1212,Application please,applicationProcess
1213,"Hello, I am interested in what your pet policy is. I have a dog that is 77 lbs. Shepard mix.",pet
1214,How much for I bed room 1bath,unitAssignment
1215,Good morning I would like info about this apt fees deposit and a application please. Thank you,applicationFee
1216,OK can you please email me a application?,applicationProcess
1217,OK thanks what is your website,propertyWebsiteLink
1218,So can you send me the application,applicationProcess
1219,What is the website,propertyWebsiteLink
1220,"Hey Kelsey, Can You Tell Me What's The Process With Leasing ?",applicationProcess
1221,Can you tell me what do I need to have to lease,applicationProcess
1222,"Yes , what does it take to get in ? Money wise I mean",moveInCost
1223,Is there a move in deposit fee,deposit
1224,Is the application fee refundable,applicationFee
1225,Do I need to make a deposit?,deposit
1226,"I am not in Houston, TX so virtual tour is better for me",virtualTour
1227,How much do I need to pay before moving in?,moveInCost
1228,"Hi. No, I just want two pieces of information. How much is the monthly rent for an apartment for a single person? Do you need credit to be able to rent?",unitAssignment
1229,"Hi Kelsey, do you offer furnished apartments? Also, is there an option for month to month leases?",leasePeriod
1230,Is there a way I can just fill out an online application,applicationProcess
1231,Location??,community_address
1232,"My apologies, I was sidetracked and just submitted it. I wanted to know what was the monthly income needed for the 3 bedrooms and if there were any available mid June?",incomeRequirement
1233,do you have a pool,pool
1234,Do you take section 8 vouchers,section8
1235,I do also have a dog who is an Australian shepherd. He is 45 lbs so I wanted to check if he was too big to be allowed,pet
1236,Based on my travel (driving from Alaska) and schedule it is nearly impossible to do most of this in person.,virtualTour
1237,"Hi, are virtual tours available",virtualTour
1238,what's your parking policy,parking
1239,Yes I would like to do a virtual tour if at all possible,virtualTour
1240,Virtual would be perfect,virtualTour
1241,Do you have a move in special?,leasingOfficePromotion
1242,How much 1 bed,unitAssignment
1243,The deposit and the application fee,applicationFee
1244,How much is your one bed,unitAssignment
1245,Yes so I√¢‚Ç¨‚Ñ¢m looking to possibly relocate however I√¢‚Ç¨‚Ñ¢m wanting to know about the move in special you guys have I currently live in Monroe Louisiana,leasingOfficePromotion
1246,Yes hello I wanted to know about the utilities and unit size available around the time,utilityBilling
1247,I currently stay in Irving but I am relocating down to that area. Would credit or background be an issue?,creditScore
1248,How much is the deposit,deposit
1249,I would like to know additional information on application fee and How much would a 1bed room be for a down stairs apartment,moveInCost
1250,"hi , yes virtually",virtualTour
1251,I'm curious as to what utilities are included into the monthly rent; if any. I've been considering moving to Houston for a decent while now and need somewhere somewhat safe and in a reliable area and considered your area to be as such.,utilityBilling
1252,Hi do you guys have any move in specials at the moment,leasingOfficePromotion
1253,"Hello I was wondering, how much is the rent there? For two bedrooms",unitAssignment
1254,"Goodmorning, Yes I would love a tour but I'm moving from Norfolk va to Houston is their any way possible that I could do a virtual tour?",virtualTour
1255,Do you offer virtual tours as I am moving from out of state and cannot come visit in person as of this point in time,virtualTour
1256,The email I have says $45 app fee and $100 admin fee? Which is it?,applicationFee
1257,Hi! Is a zoom tour available?,virtualTour
1258,Does water goes include with the rent?,utility
1259,Oh hello! I was wondering if you had in unit laundry or W/D hookup?,laundry
1260,Yes. Do you offer virtual tours?,virtualTour
1261,"Hello . Yes , but can you possibly do it virtually?",virtualTour
1262,also do y'all have in unit washer & dryer?,laundry
1263,More info for rent,unitAssignment
1264,Yes! Do y'all have a website?,propertyWebsiteLink
1265,"Hi, we are interested in a 3 bedroom apt downstairs. Can you tell me a bit more on what the deposit is and what are the fees?",deposit
1266,"Yes, more info on price and availability.",unitAssignment
1267,Prices,unitAssignment
1268,Yes and I haven't received the application link yet,applicationProcess
1269,I would like to know additional information. I am looking to move in June 1st (or the first week of June). I would like to schedule a video tour if that is possible.,virtualTour
1270,Are pets allowed? I have a cat.,pet
1271,Ok. And How much is pet rent,pet
1272,What are the differences between the units? And is there a washer and drier available,laundry
1273,Do you have virtual tours,virtualTour
1274,Do you have in unit washer and drier,laundry
1275,Yes what are the requirements for move in?,moveInCost
1276,Where is this property located,community_address
1277,Yes ma'am and I'd love to fill out an application,applicationProcess
1278,Yes i was wondering if you accepted college students with no credit history but had the income for the apartment ?,creditScore
1279,Is a bit too early. I have to sell my house in Jersey. I don't know if I should buy or rent.,unitAssignment
1280,"Hi Kelsey, I have a prior eviction from May of 2019; however I have rental history after that. Will that be a issue?",misdemeanorPolicy
1281,cancel my tour,tourCancellation
1282,Is that close to Sugarland?,nearbyAttractions
1283,What do you require for a person to rent,applicationProcess
1284,Yes can you tell me what is the average cost of utilities and what is covered?? Thank you,moveInCost
1285,My first question would be. Do you accept applicants with broken lease?,evictionPolicy
1286,"Hi yes! 
 So I'm currently in Alabama and planning to move there sometime in June. 
 Is there a way I can set up a virtual tour or get a video of the 3bedroom unit.",virtualTour
1287,How much for a 1bedroom 1 bath,unitAssignment
1288,No I work do you guys do virtual tours,virtualTour
1289,"Hi. Yeah, I just moved to Houston from California a few months ago. I'm just looking for a decent place I can afford on my own. I'm a student, so I'm finding out that it's difficult to study with roommates constantly making lots of noise. What is the lowest rental at Chestnut Hill?",unitAssignment
1290,Just information I pretty I have seen the property back before Covid-19 2016& 2017 but I need info on a 3 bedroom 2bathroom how much it leasing for!,unitAssignment
1291,what utilities if any are included in the rent?,utility
1292,Do you accept HUD Housing Vocher,section8
1293,Are there any move in specials going on at this time?,leasingOfficePromotion
1294,"Hello! Thank you for your message, I'm at work so texting helps. But I wanted to know if you work with broken leases? I have one from 2 yrs ago. I live with a family member but me and my partner are looking for a 1 bedroom",evictionPolicy
1295,Address,community_address
1296,How much is it to move in,unitAssignment
1297,Do I pay for applications are no,applicationFee
1298,Yes for both of the price is same or different,unitAssignment
1299,"Additional information, where are you located?",community_address
1300,"Hi Kelsey, sorry for the late reply. Just wonder do you provide 3 month lease for studio?",leasePeriod
1301,can it be virtually,virtualTour
1302,I unfortunately can not do a in person tour because I currently live in Ohio I am in the process of moving to texas I did want to know some information,virtualTour
1303,What are the requirements to get an apartment there ?,incomeRequirement
1304,What does your credit score have to be?,creditScore
1305,Is this a virtual tour ?,virtualTour
1306,What does your credit score have to be?,creditScore
1307,How much are your 2/2 & 3/2,unitAssignment
1308,Yes I have a question for how much time is the contract?,leasePeriod
1309,I would like to know how much is a 2b 2b?,unitAssignment
1310,I was wondering how much are y'all studios,unitAssignment
1311,Okay would u be able to tell me the deposit it fee and application fee,applicationFee
1312,Okay and bills paid or which ones will I have to pay,utility
1313,Can I have your address,community_address
1314,Do you all accept section 8?,section8
1315,hello i was wondering the prices and availability,unitAssignment
1316,When is the best day and time for tour? Do I have to do application online or in office?,applicationProcess
1317,Do you have washer/dryer connections?,laundry
1318,cancel the tour,tourCancellation
1319,Do you have exact pricing on the units available? Can I see an available 1 and 2 bedroom unit on the tour?,unitAssignment
1320,are there breed restrictions on dogs?,pet
1321,In unit W/D,laundry
1322,"Good morning, before doing so can I confirm if there are in unit washer and dryers?",laundry
1323,I need to know what your move in requirements  are.,applicationProcess
1324,I'm sorry where is this property located?,community_address
1325,Is the 2bd/1ba priced at $980?,unitAssignment
1326,Yes prices and any move in ready 3+ available by the 1st,unitAssignment
1327,I am going to be moving to the area within the next month I would like to see what is you guys price range,unitAssignment
1328,I would like to know the fee's I have to pay up front including down payment as well as application fee's. I'm a first time renter,applicationFee
1329,Yes is there a website ?,propertyWebsite
1330,Is there a virtual tour possibility.,virtualTour
1331,Is there a website for this location I can check out pictures ?,propertyWebsite
1332,"1 person, 2 pets, maximum for rent is what I found listed on apartment list for that apartment which is 960 a month",unitAssignment
1333,Would it be possible to come see it tomorrow and  possibly apply?,applicationProcess
1334,Price for 1bedroom,unitAssignment
1335,What all comes with it ?,amenities
1336,Can it be earlier,rescheduleTour
1337,Inwould like to know pricing for 2 bedroom floor plans,unitAssignment
1338,Pets,pet
1339,Yes I wanted to know is there a deposit and app fee ?,deposit
1340,Is it possible to do a virtual tour? I am currently in Chicago and won't be in Texas until the moving in date,virtualTour
1341,Can you send me the address,community_address
1342,"I'm not there yet
I have a black lab 
Dogs ok?",pet
1343,Do you offer virtual tours,virtualTour
1344,What is the starting rate for deposit??,deposit
1345,Virtual,virtualTour
1346,Hi I completed my application,applicationProcess
1347,I have completed my application and paid online,applicationProcess
1348,"Okay, when will my application be reviewed",applicationProcess
1349,925,unitAssignment
1350,Hello! I was interested To know what the short term lease they have and how much a 1 bedroom would be a month,unitAssignment
1351,What's the price difference for 1 bedroom for all three leases?,unitAssignment
1352,"I have a voucher for housing do you accept 
Positive Vibes Only ",leasingOfficePromotion
1353,How much is the deposit,deposit
1354,What does the apartment include?,amenities
1355,It will be me and my 3 kids which are all under 8 years old. I make around $5200 per month but looking for something around or under 1200 a month.,unitAssignment
1356,Good morning I am just looking for information on what the total move-in cost would be if I was to move in by May 20,moveInCost
1357,"I filled out application online
Please check status",applicationProcess
1358,Okay do you guys have any credit requirements,creditScore
1359,"What would be the down payment , monthly payment and if the utilities are included",unitAssignment
1360,I'm not able to come to houston but I would love to know if y'all go short term leases. I am only staying in town for the summer,leasePeriod
1361,Can I do a virtual tour?,virtualTour
1362,Hello I wanted to ask how much is it for a one bedroom ? Is there any deposit?,moveInCost
1363,Yes do this unit have any garage,amenities
1364,yes do this unit have any garage,amenities
1365,yes do this unit have any garage,amenities
1366,yes do this unit have any garage,amenities
1367,I have a question about background. I have a class D misdemeanor assault charge that is 7 years old. No previous record and no record ever after. I am educated and I am a teacher. I want to disclose this information and see your leasing company policy prior to visiting and starting the application and deposit process. I can provide any other information to you or management in regards to this issue.,misdemeanorPolicy
1368,What's the price of them,unitAssignment
1369,what's the application fee and admin fee,applicationFee
1370,Okay and the deposit?,deposit
1371,I would like to ask how much would it be for a 3bed room,unitAssignment
1372,What is the price for a two bed room apartment?,unitAssignment
1373,How much 1 bed,unitAssignment
1374,The deposit and the application fee,applicationFee
1375,How much is your one bed,unitAssignment
1376,Yes so I‚Äôm looking to possibly relocate however I‚Äôm wanting to know about the move in special you guys have I currently live in Monroe Louisiana,leasingOfficePromotion
1377,swimming pool,pool
1378,i was also seeing if water/ electricity are included,utility
1379,Or 6 month lease,leasePeriod
1380,Yeah I have a felony of 8 years back agg robbery in was wondering if this could stop me from moving into your establishment,misdemeanorPolicy
1381,Also just to let you know i was convicted od a DUI felony back in 2014 will this be an issue,misdemeanorPolicy
1382,"Hi yes I was wanting to more information about the unit. How much does a 2 bed cost, and what is the deposit and application fee ?",applicationFee
1383,No washer and dryer connection.,laundry
1384,cancel the tour,tourCancellation
1385,"Goodmorning, Yes I would love a tour but I'm moving from Norfolk va to Houston is their any way possible that I could do a virtual tour?",virtualTour
1386,"Goodmorning, Yes I would love a tour but I'm moving from Norfolk va to Houston is their any way possible that I could do a virtual tour?",virtualTour
1387,pet?,pet
1388,"Goodmorning, Yes I would love a tour but I'm moving from Norfolk va to Houston is their any way possible that I could do a virtual tour?",virtualTour
1389,How much is the deposit again miss,deposit
1390,Any specials,leasingOfficePromotion
1391,Do you Have washer and dryer hook up?,laundry
1392,What's the location,community_address
1393,And if so how much are they going for?,unitAssignment
1394,Do you have a move in special ?,leasingOfficePromotion
1395,Yes please what are all your qualifications to move in how much is your deposit admin fee and application,applicationFee
1396,I'm looking to move in ASAP just needed to know like total move in price that I'll be looking at,moveInCost
1397,Do you have any specials,leasingOfficePromotion
1398,Can you cancel I apologize for the inconvenience. I'll reschedule on my own.,tourCancellation
1399,Where are you located at,community_address
1400,Is all bills paid,applicationFee
1401,"Hi Kelsey, yes I would like to schedule a virtual tour for a 1bed 1 bath",virtualTour
1402,"Great, when can we set one up? And can you tell me a little more about the units you have available please and the application process?",applicationProcess
1403,How much are your 1 bed rooms going for,unitAssignment
1404,Yes what time you close today,leasingOfficeHoursFriday
1405,"What is the rent for 1 bedroom and studio, with washer ad dryer.",unitAssignment
1406,How much do I have to put down to move in ?,deposit
1407,"Hi Kelsey, I submitted a request for a virtual tour of A2 floor plan on this weekend. Could you please help me confirm the request? Thank you so much",virtualTour
1408,"Hi Kelsey, I submitted a request for a virtual tour of A2 floor plan on this weekend. Could you please help me confirm the request? Thank you so much",virtualTour
1409,Can you please show me some cheaper unit,wantsLessExpensiveUnit
1410,It is too expensive,wantsLessExpensiveUnit
1411,Out of my budget,wantsLessExpensiveUnit
1412,Do you have something cheaper unit,wantsLessExpensiveUnit
1413,It is out of my budget,wantsLessExpensiveUnit
1414,Need some cheaper,wantsLessExpensiveUnit
1415,Do you have anything else,wantsLessExpensiveUnit
1416,Can you please show few more options,wantsLessExpensiveUnit
1417,Looking for some cheaper unit,wantsLessExpensiveUnit
1418,Shell I have few more option to select,wantsLessExpensiveUnit
1419,I want to know more the unit?,wantsLessExpensiveUnit
1420,I want to reschedule my tour,tourReschedule
1421,I need to change my tour time,tourReschedule
1422,I need to reschedule,tourReschedule
1423,I want to cancel the tour,tourCancelled
1424,I won't be able to reach for tour,tourCancelled
1425,Can you cancel my tour,tourCancelled
1426,Can you cancel my visit?,tourCancelled
1427,"No, that pricing won't work for me",wantsLessExpensiveUnit
1428,I'm looking for something more of $2200 or less,wantsLessExpensiveUnit
1429,"That is above his budget, but thanks for letting me know",wantsLessExpensiveUnit
1430,"Sorry, I like to cancel the tour.",tourCancelled
1431,Hi my tour was cancelled because you guys said the unit is no longer available ,tourCancelled
1432,I'd like to cancel my tour please,tourCancelled
1433,Sorry for the inconvenience you can cancel my appointment for Monday I came by there Friday afternoon. The street in front of the apartments stay busy,tourCancelled
1434,Good Morning I am so sorry I have to cancel I was supposed to tell on Thursday I was so busy I would love to next Saturday I will be on that side of town Noon the same time 6/11 I am so sorry about the inconvenience,tourCancelled
1435,I have to cancel my family needs me today,tourCancelled
1436,"Actually,  I would like to cancel the tour, thank you. ",tourCancelled
1437,"Hi, good morning I have to cancel the tour  y let you know on these week what day I can go sorry.",tourCancelled
1438,I want to cancel,tourCancelled
1439,cancel the tour,tourCancelled
1440,Hello. This is Woohyun. I think I'm going to have to cancel this appointment because I decided to go somewhere else this morning. I'm very sorry.,tourCancelled
1441,I'm sorry to say I will be canceling the appointment for the viewing. Thank you for your time.,tourCancelled
1442,Can you cancel I apologize for the inconvenience. I'll reschedule on my own. ,tourReschedule
1443,"Hiii! I'm still interested, can we reschedule for today or tomorrow?",tourReschedule
1444,Hey I'm sorry I will have to reschedule ,tourReschedule
1445,"Yes, that will work. If I have to reschedule, I will let you know (must check with my sitter, but there's usually no issue). Thank you! Btw, my legal name is Candace Abigail Smith, if you want that for your records.",tourReschedule
1446,can i reschedule please for tomorrow ,tourReschedule
1447,"Hi Kelsey, I'm sorry but I am not interested anymore thank you",notInterested
1448,Sorry I am not interested anymore,notInterested
1449,"Hello, I'm not interested any longer. Thank you for reaching out",notInterested
1450,"I am not interested, thank you",notInterested
1451,Hello I'm not interested in the apartment I've already found one and actually the one I wanted I greatly appreciate you reaching out have a nice day üòä,notInterested
1452,I'm not interested. Thank you. ,notInterested
1453,Somewhat! I am just not interested in setting up an account right now! ,notInterested
1454,I was interested in the $2119 apartment,wantsLessExpensiveUnit
1455,"Hello sorry, I'm still looking at apartments, I didn't realize I accidentally submitted something.",unitAssignment
1456,"Yes yes hello, how much is rent for a 2bed 1 bath",unitAssignment
1457, I could come by tomorrow,tourBooking
1458,Tour,tourBooking
1459,"Hi Kelsey! Thank you for following up, and yes I would be very interested in scheduling a tour. Do you have anytime available this Saturday? I would like to see some of the available units and ask about move in options, agreements, etc.",tourBooking
1460,"Hi Kelsey! Thank you for following up, and yes I would be very interested in scheduling a tour. Do you have anytime available this Saturday? I would like to see some of the available units and ask about move in options, agreements, etc.",tourBooking
1461,Tour,tourBooking
